X,Y,Name,icon_url,Cables
22.9701034024618,40.5744355945057,Mavrou,./0.png,
